problem,options,answer,syn/ant,word
"Choose the antonym for 'abandon'.","[""scatter"",""retain"",""scalding"",""rectify""]","retain","ant","abandon"
"Choose the antonym for 'abundance'.","[""controversy"",""dilate"",""truce"",""lack""]","lack","ant","abundance"
"Choose the antonym for 'affable'.","[""filth"",""domestic"",""dismal"",""unfriendly""]","unfriendly","ant","affable"
"Choose the antonym for 'antiquity' (a historical period).","[""sole"",""subterfuge"",""modernity"",""serpentine""]","modernity","ant","antiquity"
"Choose the antonym for 'arduous'.","[""surmise"",""facile"",""impervious"",""vein""]","facile","ant","arduous"
"Choose the antonym for 'assiduous'.","[""indolent"",""exhausted"",""strenuous"",""obedient""]","indolent","ant","assiduous"
"Choose the antonym for 'avowed'.","[""denied"",""disguise"",""factual"",""scripture""]","denied","ant","avowed"
"Choose the antonym for 'barren'.","[""petite"",""threadbare"",""fertile"",""rowdy""]","fertile","ant","barren"
"Choose the antonym for 'belligerent'.","[""chortle"",""helix"",""summit"",""peaceful""]","peaceful","ant","belligerent"
"Choose the antonym for 'besieged'.","[""liberated"",""facilitate"",""dingy"",""painstaking""]","liberated","ant","besieged"
"Choose the antonym for 'bewildered'.","[""torment"",""coy"",""exhausted"",""certain""]","certain","ant","bewildered"
"Choose the antonym for 'comrade'.","[""innocuous"",""vain"",""hinder"",""enemy""]","enemy","ant","comrade"
"Choose the antonym for 'contemporary' (describing modern art).","[""favourable"",""contemplate"",""invigorated"",""ancient""]","ancient","ant","contemporary"
"Choose the antonym for 'conventional'.","[""wretched"",""conceited"",""unconventional"",""tactful""]","unconventional","ant","conventional"
"Choose the antonym for 'covet'.","[""vein"",""reject"",""volatile"",""imposing""]","reject","ant","covet"
"Choose the antonym for 'coy'.","[""polarity"",""bold"",""crooked"",""dishevelled""]","bold","ant","coy"
"Choose the antonym for 'deceive'.","[""facilitate"",""obliging"",""fracas"",""tell the truth""]","tell the truth","ant","deceive"
"Choose the antonym for 'demolished'.","[""majestic"",""dilemma"",""built"",""sombre""]","built","ant","demolished"
"Choose the antonym for 'destitute'.","[""oblige"",""disastrous"",""staunch"",""wealthy""]","wealthy","ant","destitute"
"Choose the antonym for 'dilapidated'.","[""filth"",""renovated"",""stride"",""solace""]","renovated","ant","dilapidated"
"Choose the antonym for 'diluted'.","[""stride"",""concentrated"",""dazzling"",""tardy""]","concentrated","ant","diluted"
"Choose the antonym for 'disarray'.","[""vanish"",""order"",""scanty"",""belligerent""]","order","ant","disarray"
"Choose the antonym for 'disastrous'.","[""nuisance"",""anguish"",""melancholy"",""successful""]","successful","ant","disastrous"
"Choose the antonym for 'dishevelled'.","[""novice"",""ambiguous"",""din"",""neat""]","neat","ant","dishevelled"
"Choose the antonym for 'dismal'.","[""weary"",""valour"",""cheerful"",""fatal""]","cheerful","ant","dismal"
"Choose the antonym for 'disperse'.","[""loathe"",""fluctuate"",""sated"",""congregate""]","congregate","ant","disperse"
"Choose the antonym for 'drought'.","[""liable"",""prevalent"",""device"",""rainfall""]","rainfall","ant","drought"
"Choose the antonym for 'embarrass'.","[""reassure"",""rivet"",""frugal"",""exclaim""]","reassure","ant","embarrass"
"Choose the antonym for 'endeavour'.","[""dwelling"",""equivocate"",""embarrass"",""idleness""]","idleness","ant","endeavour"
"Choose the antonym for 'evident'.","[""demolish"",""hindrance"",""devoted"",""hidden""]","hidden","ant","evident"
"Choose the antonym for 'famine'.","[""meticulous"",""retreat"",""abundance"",""startle""]","abundance","ant","famine"
"Choose the antonym for 'fatigue'.","[""piscine"",""energy"",""meld"",""criticism""]","energy","ant","fatigue"
"Choose the antonym for 'feign'.","[""immaterial"",""be genuine"",""absurd"",""stroll""]","be genuine","ant","feign"
"Choose the antonym for 'flamboyant'.","[""substantial"",""coax"",""dawdle"",""modest""]","modest","ant","flamboyant"
"Choose the antonym for 'frivolous'.","[""penetrate"",""serious"",""diluted"",""clamour""]","serious","ant","frivolous"
"Choose the antonym for 'gratitude'.","[""trickle"",""dais"",""notion"",""ingratitude""]","ingratitude","ant","gratitude"
"Choose the antonym for 'gregarious'.","[""besotted"",""vanity"",""solitary"",""devout""]","solitary","ant","gregarious"
"Choose the antonym for 'grotesque'.","[""disguise"",""mumble"",""poverty"",""beautiful""]","beautiful","ant","grotesque"
"Choose the antonym for 'helix' (a shape).","[""straight line"",""molten"",""cellar"",""malicious""]","straight line","ant","helix"
"Choose the antonym for 'hygienic'.","[""unhygienic"",""wary"",""prose"",""suppress""]","unhygienic","ant","hygienic"
"Choose the antonym for 'idiosyncrasy'.","[""riveting"",""radiant"",""replete"",""normality""]","normality","ant","idiosyncrasy"
"Choose the antonym for 'immerse' (in liquid).","[""lucid"",""hasty"",""emerge"",""impede""]","emerge","ant","immerse"
"Choose the antonym for 'impudent'.","[""respectful"",""stingy"",""sole"",""lout""]","respectful","ant","impudent"
"Choose the antonym for 'inaugural'.","[""final"",""criticism"",""stroll"",""sullen""]","final","ant","inaugural"
"Choose the antonym for 'inconspicuous'.","[""chortle"",""frivolous"",""conspicuous"",""perilous""]","conspicuous","ant","inconspicuous"
"Choose the antonym for 'innocuous'.","[""dextrous"",""harmful"",""deliberate"",""voluntary""]","harmful","ant","innocuous"
"Choose the antonym for 'insolent'.","[""respectful"",""irksome"",""substantial"",""authentic""]","respectful","ant","insolent"
"Choose the antonym for 'lament'.","[""unkempt"",""shack"",""dictate"",""rejoice""]","rejoice","ant","lament"
"Choose the antonym for 'lavish'.","[""deteriorate"",""meagre"",""trivia"",""ostentatious""]","meagre","ant","lavish"
"Choose the antonym for 'malady'.","[""sullen"",""domestic"",""health"",""corvine""]","health","ant","malady"
"Choose the antonym for 'matte' (a surface finish).","[""shuffle"",""glossy"",""dingy"",""aggravation""]","glossy","ant","matte"
"Choose the antonym for 'meagre'.","[""diluted"",""conceited"",""fatal"",""abundant""]","abundant","ant","meagre"
"Choose the antonym for 'melancholy'.","[""happiness"",""inflame"",""ancient"",""apathy""]","happiness","ant","melancholy"
"Choose the antonym for 'meticulous'.","[""careless"",""cellar"",""abhor"",""prose""]","careless","ant","meticulous"
"Choose the antonym for 'nauseous'.","[""notion"",""well"",""melodious"",""ambulatory""]","well","ant","nauseous"
"Choose the antonym for 'nimble'.","[""ramble"",""clumsy"",""concede"",""fret""]","clumsy","ant","nimble"
"Choose the antonym for 'nuisance'.","[""witty"",""deter"",""help"",""wither""]","help","ant","nuisance"
"Choose the antonym for 'obstinate'.","[""ancient"",""perceive"",""clemency"",""compliant""]","compliant","ant","obstinate"
"Choose the antonym for 'oppress'.","[""sanction"",""fleet"",""liberate"",""prohibit""]","liberate","ant","oppress"
"Choose the antonym for 'ordeal'.","[""cellar"",""toil"",""irate"",""pleasure""]","pleasure","ant","ordeal"
"Choose the antonym for 'ostentatious'.","[""gratifying"",""brittle"",""modest"",""strenuous""]","modest","ant","ostentatious"
"Choose the antonym for 'peril'.","[""insignificant"",""apprehend"",""safety"",""famished""]","safety","ant","peril"
"Choose the antonym for 'perish' (in a disaster).","[""wander"",""endure"",""conceited"",""polarity""]","endure","ant","perish"
"Choose the antonym for 'pioneer'.","[""ferocious"",""populous"",""follower"",""splendid""]","follower","ant","pioneer"
"Choose the antonym for 'placid'.","[""gloomy"",""agitated"",""reprimand"",""apprehension""]","agitated","ant","placid"
"Choose the antonym for 'polarity'.","[""similarity"",""radiant"",""precarious"",""furious""]","similarity","ant","polarity"
"Choose the antonym for 'pompous'.","[""supple"",""humble"",""piscine"",""timid""]","humble","ant","pompous"
"Choose the antonym for 'precarious'.","[""glut"",""safe"",""vein"",""frugal""]","safe","ant","precarious"
"Choose the antonym for 'prohibit'.","[""radiant"",""mediocre"",""deteriorate"",""allow""]","allow","ant","prohibit"
"Choose the antonym for 'provoke'.","[""calm"",""poetry"",""sated"",""resentful""]","calm","ant","provoke"
"Choose the antonym for 'quaint' (describing an old village).","[""forgo"",""abridge"",""modern"",""threadbare""]","modern","ant","quaint"
"Choose the antonym for 'quench' (a fire).","[""diplomatic"",""omen"",""ignite"",""avowed""]","ignite","ant","quench"
"Choose the antonym for 'reprimand'.","[""slander"",""encompass"",""praise"",""surmise""]","praise","ant","reprimand"
"Choose the antonym for 'restrain'.","[""release"",""probable"",""concur"",""dilapidated""]","release","ant","restrain"
"Choose the antonym for 'rigid' (a material).","[""tenuous"",""cork"",""gravely"",""pliable""]","pliable","ant","rigid"
"Choose the antonym for 'scanty'.","[""enrage"",""besieged"",""plentiful"",""censorious""]","plentiful","ant","scanty"
"Choose the antonym for 'seize'.","[""despair"",""congregate"",""release"",""fragrant""]","release","ant","seize"
"Choose the antonym for 'stern'.","[""waver"",""demean"",""lenient"",""platonic""]","lenient","ant","stern"
"Choose the antonym for 'submissive'.","[""defiant"",""sequence"",""discord"",""satiated""]","defiant","ant","submissive"
"Choose the antonym for 'succumb'.","[""faux"",""humid"",""resist"",""tangle""]","resist","ant","succumb"
"Choose the antonym for 'tempestuous'.","[""gloomy"",""conserve"",""tranquil"",""affluence""]","tranquil","ant","tempestuous"
"Choose the antonym for 'tranquil'.","[""perish"",""irritate"",""turbulent"",""torment""]","turbulent","ant","tranquil"
"Choose the antonym for 'turbulent'.","[""humid"",""urge"",""urban"",""tranquil""]","tranquil","ant","turbulent"
"Choose the antonym for 'vicarious'.","[""amoral"",""direct"",""unkempt"",""banish""]","direct","ant","vicarious"
"Choose the antonym for 'virtuous'.","[""tedious"",""imposing"",""merchant"",""wicked""]","wicked","ant","virtuous"
"Choose the antonym for 'wither'.","[""placid"",""hygienic"",""fringe"",""flourish""]","flourish","ant","wither"
"Choose the antonym for 'wretched'.","[""inane"",""covert"",""happy"",""scrupulous""]","happy","ant","wretched"
"Choose the antonym for 'absurd'.","[""inane"",""sensible"",""artefact"",""loathe""]","sensible","ant","absurd"
"Choose the antonym for 'adhere'.","[""gregarious"",""severe"",""husk"",""detach""]","detach","ant","adhere"
"Choose the antonym for 'advice'.","[""misguidance"",""polarity"",""fester"",""vain""]","misguidance","ant","advice"
"Choose the antonym for 'ancient'.","[""modern"",""viscous"",""solace"",""perish""]","modern","ant","ancient"
"Choose the antonym for 'apparent' (describing an obvious fact).","[""deficient"",""hidden"",""intentional"",""absolve""]","hidden","ant","apparent"
"Choose the antonym for 'banish'.","[""stagnant"",""lofty"",""ursine"",""welcome""]","welcome","ant","banish"
"Choose the antonym for 'brusque'.","[""rigorous"",""polite"",""hapless"",""scatter""]","polite","ant","brusque"
"Choose the antonym for 'calamity'.","[""urge"",""agitated"",""blessing"",""demolished""]","blessing","ant","calamity"
"Choose the antonym for 'caulk'.","[""token"",""nauseous"",""open"",""acrid""]","open","ant","caulk"
"Choose the antonym for 'clemency'.","[""wretched"",""choreographer"",""severity"",""drought""]","severity","ant","clemency"
"Choose the antonym for 'coax'.","[""queasy"",""contemplate"",""meagre"",""deter""]","deter","ant","coax"
"Choose the antonym for 'commence'.","[""notion"",""loathsome"",""cinch"",""finish""]","finish","ant","commence"
"Choose the antonym for 'compliment'.","[""criticism"",""pioneer"",""pilfer"",""trough""]","criticism","ant","compliment"
"Choose the antonym for 'conceal'.","[""boastful"",""disclose"",""melodious"",""passive""]","disclose","ant","conceal"
"Choose the antonym for 'conceit'.","[""queasy"",""humility"",""concede"",""relish""]","humility","ant","conceit"
"Choose the antonym for 'condemn'.","[""praise"",""dazzling"",""crevice"",""impudent""]","praise","ant","condemn"
"Choose the antonym for 'controversy'.","[""agreement"",""witty"",""cellar"",""unfathomable""]","agreement","ant","controversy"
"Choose the antonym for 'deceit'.","[""meek"",""besotted"",""honesty"",""fusion""]","honesty","ant","deceit"
"Choose the antonym for 'deliberate'.","[""relish"",""exorbitant"",""rowdy"",""accidental""]","accidental","ant","deliberate"
"Choose the antonym for 'derelict'.","[""intricate"",""hustle"",""maintained"",""unkempt""]","maintained","ant","derelict"
"Choose the antonym for 'despise'.","[""flog"",""molten"",""scrupulous"",""admire""]","admire","ant","despise"
"Choose the antonym for 'din'.","[""gadget"",""wither"",""conspicuous"",""silence""]","silence","ant","din"
"Choose the antonym for 'disclose'.","[""conceal"",""commence"",""dais"",""corvine""]","conceal","ant","disclose"
"Choose the antonym for 'dispute'.","[""agreement"",""infamy"",""virtuous"",""enterprise""]","agreement","ant","dispute"
"Choose the antonym for 'distress'.","[""volatile"",""deficient"",""valour"",""comfort""]","comfort","ant","distress"
"Choose the antonym for 'economical'.","[""wasteful"",""foam"",""nebulous"",""enmity""]","wasteful","ant","economical"
"Choose the antonym for 'elude'.","[""turbulent"",""pigment"",""tardy"",""confront""]","confront","ant","elude"
"Choose the antonym for 'emerge'.","[""obedient"",""vanish"",""reckless"",""moan""]","vanish","ant","emerge"
"Choose the antonym for 'endure'.","[""diplomatic"",""succumb"",""caption"",""severe""]","succumb","ant","endure"
"Choose the antonym for 'exaggerate'.","[""punctual"",""voluntary"",""industrious"",""understate""]","understate","ant","exaggerate"
"Choose the antonym for 'extinction'.","[""solitary"",""opaque"",""factual"",""survival""]","survival","ant","extinction"
"Choose the antonym for 'factual'.","[""false"",""smirk"",""scatter"",""hinder""]","false","ant","factual"
"Choose the antonym for 'fatal'.","[""permeate"",""thrive"",""harmless"",""peril""]","harmless","ant","fatal"
"Choose the antonym for 'feeble'.","[""placate"",""strong"",""salient"",""boastful""]","strong","ant","feeble"
"Choose the antonym for 'fertile'.","[""severe"",""barren"",""congregate"",""steadfast""]","barren","ant","fertile"
"Choose the antonym for 'flourish'.","[""wither"",""jubilant"",""sated"",""blunt""]","wither","ant","flourish"
"Choose the antonym for 'grave' (a warning).","[""rebuke"",""trivial"",""apprehend"",""dictate""]","trivial","ant","grave"
"Choose the antonym for 'grieve'.","[""prophecy"",""grit"",""rejoice"",""foam""]","rejoice","ant","grieve"
"Choose the antonym for 'hasty'.","[""replete"",""quench"",""eccentric"",""deliberate""]","deliberate","ant","hasty"
"Choose the antonym for 'hindrance'.","[""subterfuge"",""complement"",""help"",""rowdy""]","help","ant","hindrance"
"Choose the antonym for 'hoax'.","[""truth"",""lavish"",""commence"",""conscience""]","truth","ant","hoax"
"Choose the antonym for 'ignorant'.","[""knowledgeable"",""sanction"",""dismal"",""moan""]","knowledgeable","ant","ignorant"
"Choose the antonym for 'imitate'.","[""foil"",""differ"",""prejudice"",""snub""]","differ","ant","imitate"
"Choose the antonym for 'inaugurate'.","[""compliment"",""celestial"",""apparent"",""close""]","close","ant","inaugurate"
"Choose the antonym for 'inferior'.","[""nullify"",""factual"",""superior"",""rebuke""]","superior","ant","inferior"
"Choose the antonym for 'interfere'.","[""choreographer"",""doltish"",""abstain"",""restrain""]","abstain","ant","interfere"
"Choose the antonym for 'interrogate'.","[""deceit"",""factual"",""answer"",""confront""]","answer","ant","interrogate"
"Choose the antonym for 'isolation'.","[""company"",""pigment"",""conceited"",""perilous""]","company","ant","isolation"
"Choose the antonym for 'lenient'.","[""insipid"",""innocuous"",""deduct"",""severe""]","severe","ant","lenient"
"Choose the antonym for 'liable' (for damage).","[""chortle"",""inferior"",""chronicle"",""exempt""]","exempt","ant","liable"
"Choose the antonym for 'linger'.","[""irksome"",""exaggerate"",""urban"",""leave""]","leave","ant","linger"
"Choose the antonym for 'lofty' (a tower).","[""humid"",""abandon"",""low"",""dextrous""]","low","ant","lofty"
"Choose the antonym for 'majestic'.","[""ordinary"",""scripture"",""clamour"",""sequence""]","ordinary","ant","majestic"
"Choose the antonym for 'margin' (of a page).","[""peril"",""snivel"",""centre"",""authentic""]","centre","ant","margin"
"Choose the antonym for 'oblige' (a rule obliges someone to act).","[""howl"",""overt"",""release"",""stricken""]","release","ant","oblige"
"Choose the antonym for 'offend'.","[""floppy"",""favoured"",""please"",""stalwart""]","please","ant","offend"
"Choose the antonym for 'opportunity'.","[""populous"",""hindrance"",""banish"",""fracas""]","hindrance","ant","opportunity"
"Choose the antonym for 'painstaking'.","[""froth"",""hasty"",""tenuous"",""grotesque""]","hasty","ant","painstaking"
"Choose the antonym for 'passive'.","[""exorbitant"",""active"",""supple"",""diminish""]","active","ant","passive"
"Choose the antonym for 'peculiar' (a habit).","[""discordant"",""lout"",""lenient"",""conventional""]","conventional","ant","peculiar"
"Choose the antonym for 'perceive'.","[""refute"",""reckless"",""fortitude"",""overlook""]","overlook","ant","perceive"
"Choose the antonym for 'perplexed'.","[""assent"",""despise"",""succumb"",""certain""]","certain","ant","perplexed"
"Choose the antonym for 'plunder'.","[""raucous"",""intentional"",""protect"",""wavy""]","protect","ant","plunder"
"Choose the antonym for 'pretence'.","[""truth"",""scripture"",""rupture"",""imperative""]","truth","ant","pretence"
"Choose the antonym for 'proclaim'.","[""calamity"",""conceal"",""adept"",""tempestuous""]","conceal","ant","proclaim"
"Choose the antonym for 'relevant'.","[""resort to"",""irrelevant"",""superficial"",""petite""]","irrelevant","ant","relevant"
"Choose the antonym for 'repent'.","[""remain unrepentant"",""diminish"",""revolve"",""flamboyant""]","remain unrepentant","ant","repent"
"Choose the antonym for 'resort to'.","[""despicable"",""endeavour"",""avoid"",""yield""]","avoid","ant","resort to"
"Choose the antonym for 'retreat'.","[""devout"",""filth"",""stroll"",""advance""]","advance","ant","retreat"
"Choose the antonym for 'rowdy'.","[""repent"",""tempestuous"",""unfathomable"",""quiet""]","quiet","ant","rowdy"
"Choose the antonym for 'sanguine'.","[""gloomy"",""jaded"",""covert"",""deliberate""]","gloomy","ant","sanguine"
"Choose the antonym for 'sanitary'.","[""rebuttal"",""empire"",""dwindle"",""unsanitary""]","unsanitary","ant","sanitary"
"Choose the antonym for 'stationary' (a vehicle).","[""scanty"",""shrewd"",""mobile"",""desist""]","mobile","ant","stationary"
"Choose the antonym for 'sturdy'.","[""diluted"",""grit"",""lupine"",""fragile""]","fragile","ant","sturdy"
"Choose the antonym for 'subdued'.","[""lively"",""cellar"",""vulpine"",""auspicious""]","lively","ant","subdued"
"Choose the antonym for 'subterfuge'.","[""honesty"",""impair"",""royal"",""confront""]","honesty","ant","subterfuge"
"Choose the antonym for 'subterranean'.","[""barb"",""gregarious"",""aboveground"",""barren""]","aboveground","ant","subterranean"
"Choose the antonym for 'summit' (of a mountain).","[""congregate"",""savvy"",""perplexed"",""base""]","base","ant","summit"
"Choose the antonym for 'superfluous'.","[""flamboyant"",""essential"",""subdued"",""impart""]","essential","ant","superfluous"
"Choose the antonym for 'torment' (a feeling).","[""inaugural"",""comfort"",""pioneer"",""animosity""]","comfort","ant","torment"
"Choose the antonym for 'trivia'.","[""scripture"",""opportunity"",""repent"",""essentials""]","essentials","ant","trivia"
"Choose the antonym for 'trivial'.","[""covert"",""important"",""smug"",""pious""]","important","ant","trivial"
"Choose the antonym for 'unfathomable'.","[""opportunity"",""yield"",""clear"",""conserve""]","clear","ant","unfathomable"
"Choose the antonym for 'unsurpassed'.","[""valour"",""thrifty"",""potential"",""inferior""]","inferior","ant","unsurpassed"
"Choose the antonym for 'vanish'.","[""auspicious"",""perplexed"",""smother"",""emerge""]","emerge","ant","vanish"
"Choose the antonym for 'volatile' (a situation).","[""stable"",""trickle"",""dismay"",""censure""]","stable","ant","volatile"
"Choose the antonym for 'yield' (in a contest).","[""dismal"",""resist"",""veto"",""diminish""]","resist","ant","yield"
"Choose the antonym for 'tardy'.","[""punctual"",""mobile"",""disarray"",""elude""]","punctual","ant","tardy"
"Choose the antonym for 'punctual'.","[""poetry"",""arid"",""tardy"",""impartial""]","tardy","ant","punctual"
"Choose the antonym for 'deteriorate'.","[""improve"",""facilitate"",""glum"",""impervious""]","improve","ant","deteriorate"
"Choose the antonym for 'thrive'.","[""decline"",""twine"",""shell"",""malign""]","decline","ant","thrive"
"Choose the antonym for 'imperative'.","[""feud"",""imperious"",""optional"",""vulgar""]","optional","ant","imperative"
"Choose the antonym for 'lout'.","[""gentleman"",""whimper"",""feeble"",""choreographer""]","gentleman","ant","lout"
"Choose the antonym for 'viscous'.","[""runny"",""break a leg"",""idiosyncrasy"",""ovine""]","runny","ant","viscous"
"Choose the antonym for 'vicious'.","[""bovine"",""permeate"",""gentle"",""brusque""]","gentle","ant","vicious"
"Choose the antonym for 'gravely'.","[""intentional"",""lout"",""light-heartedly"",""clemency""]","light-heartedly","ant","gravely"
"Choose the antonym for 'boldness'.","[""timidity"",""imperious"",""decrepit"",""deceit""]","timidity","ant","boldness"
"Choose the antonym for 'fortitude'.","[""cowardice"",""obtuse"",""concur"",""perish""]","cowardice","ant","fortitude"
"Choose the antonym for 'grit' (a personal quality).","[""weakness"",""chronicle"",""disarray"",""tempestuous""]","weakness","ant","grit"
"Choose the antonym for 'apprehension'.","[""confidence"",""torment"",""turbulent"",""choreographer""]","confidence","ant","apprehension"
"Choose the antonym for 'rivet' (an audience).","[""bore"",""fret"",""contempt"",""wither""]","bore","ant","rivet"
"Choose the antonym for 'riveting'.","[""tedious"",""volatile"",""docile"",""baffle""]","tedious","ant","riveting"
"Choose the antonym for 'tedious'.","[""opaque"",""interesting"",""sage"",""trough""]","interesting","ant","tedious"
"Choose the antonym for 'apathy'.","[""veto"",""blot"",""wholesome"",""enthusiasm""]","enthusiasm","ant","apathy"
"Choose the antonym for 'veto'.","[""approve"",""cinch"",""memoir"",""corvine""]","approve","ant","veto"
"Choose the antonym for 'agitated'.","[""godsend"",""calm"",""snicker"",""liable""]","calm","ant","agitated"
"Choose the antonym for 'haughty'.","[""filth"",""thwart"",""humble"",""subordinate""]","humble","ant","haughty"
"Choose the antonym for 'sanction' (permission).","[""scripture"",""prohibition"",""fatigue"",""impartial""]","prohibition","ant","sanction"
"Choose the antonym for 'rectify'.","[""worsen"",""shell"",""proxy"",""probable""]","worsen","ant","rectify"
"Choose the antonym for 'feud'.","[""peace"",""insignia"",""molten"",""pretence""]","peace","ant","feud"
"Choose the antonym for 'startle'.","[""diluted"",""hamper"",""veteran"",""reassure""]","reassure","ant","startle"
"Choose the antonym for 'savage'.","[""virtuous"",""gentle"",""ravenous"",""dearth""]","gentle","ant","savage"
"Choose the antonym for 'ferocious'.","[""divulge"",""concede"",""diplomatic"",""gentle""]","gentle","ant","ferocious"
"Choose the antonym for 'callous'.","[""composition"",""compassionate"",""inferior"",""perplexed""]","compassionate","ant","callous"
"Choose the antonym for 'demean'.","[""token"",""bewildered"",""dignify"",""temperate""]","dignify","ant","demean"
"Choose the antonym for 'animosity'.","[""refute"",""friendship"",""legend"",""stationary""]","friendship","ant","animosity"
"Choose the antonym for 'besotted'.","[""flog"",""rural"",""indifferent"",""pensive""]","indifferent","ant","besotted"
"Choose the antonym for 'relish'.","[""felicitous"",""dread"",""fertile"",""docile""]","dread","ant","relish"
"Choose the antonym for 'abhor'.","[""adore"",""thrive"",""adolescent"",""gloomy""]","adore","ant","abhor"
"Choose the antonym for 'loathe'.","[""curtail"",""opaque"",""arid"",""love""]","love","ant","loathe"
"Choose the antonym for 'enmity'.","[""kindle"",""enchant"",""friendship"",""implore""]","friendship","ant","enmity"
"Choose the antonym for 'steadfast'.","[""glum"",""fickle"",""memoir"",""howl""]","fickle","ant","steadfast"
"Choose the antonym for 'supple'.","[""frigid"",""abridge"",""mumble"",""rigid""]","rigid","ant","supple"
"Choose the antonym for 'potent'.","[""weak"",""voluntary"",""invigorated"",""valour""]","weak","ant","potent"
"Choose the antonym for 'conceited'.","[""modest"",""consonant"",""ignorant"",""moan""]","modest","ant","conceited"
"Choose the antonym for 'pretentious'.","[""modest"",""ambiguous"",""gloomy"",""interfere""]","modest","ant","pretentious"
"Choose the antonym for 'malicious'.","[""imposing"",""crop"",""kind"",""isolation""]","kind","ant","malicious"
"Choose the antonym for 'fret'.","[""drowsy"",""relax"",""fester"",""abrupt""]","relax","ant","fret"
"Choose the antonym for 'obscene'.","[""factual"",""relish"",""scalding"",""decent""]","decent","ant","obscene"
"Choose the antonym for 'vulgar'.","[""stern"",""deplete"",""pigment"",""refined""]","refined","ant","vulgar"
"Choose the antonym for 'cordial'.","[""seize"",""cellar"",""hostile"",""unsurpassed""]","hostile","ant","cordial"
"Choose the antonym for 'demolish' (a building).","[""hawk"",""drowsy"",""sullen"",""build""]","build","ant","demolish"
"Choose the antonym for 'facile'.","[""pivotal"",""sombre"",""difficult"",""rectify""]","difficult","ant","facile"
"Choose the antonym for 'cinch'.","[""gravely"",""challenge"",""glut"",""serpentine""]","challenge","ant","cinch"
"Choose the antonym for 'intricate'.","[""repulsive"",""intrigue"",""steadfast"",""simple""]","simple","ant","intricate"
"Choose the antonym for 'prejudice'.","[""taut"",""turbulent"",""repulsive"",""impartiality""]","impartiality","ant","prejudice"
"Choose the antonym for 'bedlam'.","[""eccentric"",""dismal"",""submissive"",""order""]","order","ant","bedlam"
"Choose the antonym for 'favoured'.","[""unfavoured"",""warp"",""procrastinate"",""hindrance""]","unfavoured","ant","favoured"
"Choose the antonym for 'impediment'.","[""flamboyant"",""aromatic"",""aid"",""club""]","aid","ant","impediment"
"Choose the antonym for 'acrid'.","[""criticism"",""salient"",""stationary"",""mild""]","mild","ant","acrid"
"Choose the antonym for 'acid' (describing a substance).","[""relish"",""alkaline"",""forthwith"",""bovine""]","alkaline","ant","acid"
"Choose the antonym for 'arid'.","[""viscous"",""dictate"",""moist"",""scruffy""]","moist","ant","arid"
"Choose the antonym for 'pungent'.","[""inaugural"",""bland"",""malign"",""complement""]","bland","ant","pungent"
"Choose the antonym for 'toil'.","[""rest"",""insignia"",""pretence"",""probate""]","rest","ant","toil"
"Choose the antonym for 'coil' (a rope, as a verb).","[""jubilant"",""affluence"",""imperious"",""uncoil""]","uncoil","ant","coil"
"Choose the antonym for 'wholesome'.","[""stationary"",""arduous"",""adhere"",""unhealthy""]","unhealthy","ant","wholesome"
"Choose the antonym for 'pious'.","[""impious"",""censure"",""dearth"",""acrid""]","impious","ant","pious"
"Choose the antonym for 'mellow'.","[""harsh"",""succumb"",""hygienic"",""antiquity""]","harsh","ant","mellow"
"Choose the antonym for 'faux'.","[""authentic"",""sweltering"",""tranquil"",""diplomatic""]","authentic","ant","faux"
"Choose the antonym for 'platonic'.","[""romantic"",""ambulatory"",""elude"",""arid""]","romantic","ant","platonic"
"Choose the antonym for 'fluctuate'.","[""relish"",""auspicious"",""settee"",""stabilise""]","stabilise","ant","fluctuate"
"Choose the antonym for 'concur'.","[""calamity"",""sanction"",""disagree"",""grieve""]","disagree","ant","concur"
"Choose the antonym for 'auspicious'.","[""summit"",""inauspicious"",""vex"",""purloin""]","inauspicious","ant","auspicious"
"Choose the antonym for 'wander'.","[""compulsory"",""stay"",""adverse"",""folly""]","stay","ant","wander"
"Choose the antonym for 'ramble' (on foot).","[""irate"",""hurry"",""valour"",""conscience""]","hurry","ant","ramble"
"Choose the antonym for 'regal'.","[""snicker"",""ordeal"",""intentional"",""common""]","common","ant","regal"
"Choose the antonym for 'submerge'.","[""fatal"",""fringe"",""emerge"",""pretentious""]","emerge","ant","submerge"
"Choose the antonym for 'petty'.","[""arduous"",""nuisance"",""important"",""intentional""]","important","ant","petty"
"Choose the antonym for 'intentional'.","[""inflame"",""accidental"",""pare"",""vend""]","accidental","ant","intentional"
"Choose the antonym for 'compulsory'.","[""blot"",""voluntary"",""implore"",""deprive""]","voluntary","ant","compulsory"
"Choose the antonym for 'voluntary'.","[""compulsory"",""sage"",""prophecy"",""intermittently""]","compulsory","ant","voluntary"
"Choose the antonym for 'diminish'.","[""isolation"",""startle"",""futile"",""increase""]","increase","ant","diminish"
"Choose the antonym for 'rupture'.","[""submerge"",""repair"",""subordinate"",""ingredient""]","repair","ant","rupture"
"Choose the antonym for 'rift'.","[""cuisine"",""apprehension"",""idiosyncrasy"",""unity""]","unity","ant","rift"
"Choose the antonym for 'impervious'.","[""tactful"",""permeable"",""tardy"",""stern""]","permeable","ant","impervious"
"Choose the antonym for 'eccentric'.","[""conventional"",""mist"",""imperious"",""probation""]","conventional","ant","eccentric"
"Choose the antonym for 'authentic'.","[""wholesome"",""folly"",""dawdle"",""fake""]","fake","ant","authentic"
"Choose the antonym for 'sole' (the sole survivor).","[""antiquity"",""multiple"",""reprimand"",""dearth""]","multiple","ant","sole"
"Choose the antonym for 'lucid'.","[""rigorous"",""confusing"",""yacht"",""toil""]","confusing","ant","lucid"
"Choose the antonym for 'dazzling'.","[""inaugural"",""ravenous"",""purloin"",""dull""]","dull","ant","dazzling"
"Choose the antonym for 'splendid'.","[""implore"",""fatigue"",""impudent"",""dreadful""]","dreadful","ant","splendid"
"Choose the antonym for 'impair'.","[""cellar"",""scoff"",""improve"",""yacht""]","improve","ant","impair"
"Choose the antonym for 'wreck'.","[""felicitous"",""prophecy"",""repair"",""unkempt""]","repair","ant","wreck"
"Choose the antonym for 'dilemma'.","[""shack"",""solution"",""furious"",""spurn""]","solution","ant","dilemma"
"Choose the antonym for 'unkempt'.","[""limp"",""gratitude"",""neat"",""shuffle""]","neat","ant","unkempt"
"Choose the antonym for 'subordinate' (a rank).","[""obscene"",""brittle"",""superior"",""tedious""]","superior","ant","subordinate"
"Choose the antonym for 'placate'.","[""provoke"",""covet"",""tally"",""elude""]","provoke","ant","placate"
"Choose the antonym for 'irritate'.","[""adverse"",""trivial"",""soothe"",""vapour""]","soothe","ant","irritate"
"Choose the antonym for 'impartial'.","[""conceit"",""ambiguous"",""scalding"",""biased""]","biased","ant","impartial"
"Choose the antonym for 'wax' (the moon).","[""wane"",""insignia"",""deliberate"",""exhausted""]","wane","ant","wax"
"Choose the antonym for 'wane'.","[""irritate"",""wax"",""adept"",""abridge""]","wax","ant","wane"
"Choose the antonym for 'vanity'.","[""berate"",""futile"",""emerge"",""humility""]","humility","ant","vanity"
"Choose the antonym for 'profligate'.","[""agitated"",""invigorated"",""coil"",""frugal""]","frugal","ant","profligate"
"Choose the antonym for 'frugal'.","[""tangle"",""extravagant"",""populous"",""scatter""]","extravagant","ant","frugal"
"Choose the antonym for 'devout'.","[""inane"",""impious"",""destitute"",""extinct""]","impious","ant","devout"
"Choose the antonym for 'dwindle'.","[""flamboyant"",""grow"",""meagre"",""rivet""]","grow","ant","dwindle"
"Choose the antonym for 'irate'.","[""gadget"",""calm"",""calamity"",""facile""]","calm","ant","irate"
"Choose the antonym for 'furious'.","[""deteriorate"",""placid"",""flog"",""cellar""]","placid","ant","furious"
"Choose the antonym for 'slack' (a rope).","[""taut"",""abridge"",""meticulous"",""ambulatory""]","taut","ant","slack"
"Choose the antonym for 'industrious'.","[""shrewd"",""thrifty"",""domestic"",""indolent""]","indolent","ant","industrious"
"Choose the antonym for 'diligent'.","[""dwelling"",""perilous"",""lazy"",""favourable""]","lazy","ant","diligent"
"Choose the antonym for 'indolent'.","[""desire"",""vital"",""endure"",""industrious""]","industrious","ant","indolent"
"Choose the antonym for 'lax'.","[""merchant"",""rigorous"",""scanty"",""aromatic""]","rigorous","ant","lax"
"Choose the antonym for 'conscientious'.","[""ramble"",""punctual"",""careless"",""diluted""]","careless","ant","conscientious"
"Choose the antonym for 'prose'.","[""valour"",""scrupulous"",""languid"",""poetry""]","poetry","ant","prose"
"Choose the antonym for 'poetry'.","[""fatal"",""prose"",""device"",""populous""]","prose","ant","poetry"
"Choose the antonym for 'suppress'.","[""oodles"",""assiduous"",""harbour"",""release""]","release","ant","suppress"
"Choose the antonym for 'disguise'.","[""immaterial"",""superfluous"",""decrepit"",""reveal""]","reveal","ant","disguise"
"Choose the antonym for 'extinct'.","[""hasty"",""fusion"",""wavy"",""living""]","living","ant","extinct"
"Choose the antonym for 'imposing'.","[""unimpressive"",""indulgent"",""fragrant"",""adverse""]","unimpressive","ant","imposing"
"Choose the antonym for 'berate'.","[""frugal"",""trickle"",""abode"",""praise""]","praise","ant","berate"
"Choose the antonym for 'crave'.","[""extinction"",""reject"",""inaugurate"",""legend""]","reject","ant","crave"
"Choose the antonym for 'yearn'.","[""impediment"",""reject"",""caulk"",""rebuke""]","reject","ant","yearn"
"Choose the antonym for 'conspicuous'.","[""acute"",""naive"",""detrimental"",""inconspicuous""]","inconspicuous","ant","conspicuous"
"Choose the antonym for 'vile' (morally bad).","[""facile"",""adept"",""virtuous"",""sated""]","virtuous","ant","vile"
"Choose the antonym for 'gratifying'.","[""merchant"",""extinction"",""disappointing"",""sway""]","disappointing","ant","gratifying"
"Choose the antonym for 'despicable'.","[""admirable"",""ravenous"",""abolish"",""besotted""]","admirable","ant","despicable"
"Choose the antonym for 'adept'.","[""inept"",""dingy"",""vain"",""bland""]","inept","ant","adept"
"Choose the antonym for 'loathsome'.","[""appealing"",""imbecile"",""antiquity"",""threadbare""]","appealing","ant","loathsome"
"Choose the antonym for 'repulsive'.","[""urge"",""porcine"",""dismal"",""attractive""]","attractive","ant","repulsive"
"Choose the antonym for 'defy'.","[""sole"",""felicitous"",""obey"",""wither""]","obey","ant","defy"
"Choose the antonym for 'solace'.","[""insipid"",""distress"",""vice"",""evaluation""]","distress","ant","solace"
"Choose the antonym for 'aggravation'.","[""platonic"",""pare"",""meld"",""relief""]","relief","ant","aggravation"
"Choose the antonym for 'dignify'.","[""demean"",""purloin"",""sever"",""wavy""]","demean","ant","dignify"
"Choose the antonym for 'inflame'.","[""turbulent"",""probate"",""soothe"",""inane""]","soothe","ant","inflame"
"Choose the antonym for 'blunt' (in speech).","[""lupine"",""stagnant"",""savage"",""tactful""]","tactful","ant","blunt"
"Choose the antonym for 'thwart'.","[""comprehensive"",""thrive"",""assist"",""isolation""]","assist","ant","thwart"
"Choose the antonym for 'foil'.","[""authentic"",""cackle"",""assist"",""sweltering""]","assist","ant","foil"
"Choose the antonym for 'pinnacle'.","[""bottom"",""overt"",""cinch"",""leonine""]","bottom","ant","pinnacle"
"Choose the antonym for 'dilate'.","[""shun"",""deficient"",""precarious"",""contract""]","contract","ant","dilate"
"Choose the antonym for 'oblivious'.","[""aware"",""unsurpassed"",""proclaim"",""docile""]","aware","ant","oblivious"
"Choose the antonym for 'affluence'.","[""intermittently"",""quaint"",""pioneer"",""poverty""]","poverty","ant","affluence"
"Choose the antonym for 'poverty'.","[""hindrance"",""affluence"",""rigid"",""compulsory""]","affluence","ant","poverty"
"Choose the antonym for 'pivotal'.","[""abundance"",""insignificant"",""scrupulous"",""whine""]","insignificant","ant","pivotal"
"Choose the antonym for 'temperate'.","[""calamity"",""lament"",""hawk"",""severe""]","severe","ant","temperate"
"Choose the antonym for 'humid'.","[""boldness"",""deficient"",""apprehension"",""arid""]","arid","ant","humid"
"Choose the antonym for 'irksome'.","[""pleasant"",""fickle"",""despicable"",""ravenous""]","pleasant","ant","irksome"
"Choose the antonym for 'peddle'.","[""buy"",""acute"",""bawl"",""fracas""]","buy","ant","peddle"
"Choose the antonym for 'vend'.","[""factual"",""bewildered"",""irksome"",""buy""]","buy","ant","vend"
"Choose the antonym for 'hawk' (goods at a market).","[""voluntary"",""buy"",""myriad"",""wax""]","buy","ant","hawk"
"Choose the antonym for 'miser'.","[""spendthrift"",""loathe"",""vain"",""diminish""]","spendthrift","ant","miser"
"Choose the antonym for 'spurn'.","[""intrinsic"",""palaeontologist"",""accept"",""prevalent""]","accept","ant","spurn"
"Choose the antonym for 'dawdle'.","[""unfathomable"",""impartial"",""poverty"",""hurry""]","hurry","ant","dawdle"
"Choose the antonym for 'refute'.","[""gratitude"",""authentic"",""exile"",""confirm""]","confirm","ant","refute"
"Choose the antonym for 'scoff'.","[""probable"",""indolent"",""tempestuous"",""praise""]","praise","ant","scoff"
"Choose the antonym for 'limp' (walking).","[""wreck"",""adept"",""stride"",""pretentious""]","stride","ant","limp"
"Choose the antonym for 'floppy'.","[""vouch"",""demolish"",""rigid"",""paltry""]","rigid","ant","floppy"
"Choose the antonym for 'weary'.","[""current"",""rectify"",""refreshed"",""gratifying""]","refreshed","ant","weary"
"Choose the antonym for 'jaded'.","[""limp"",""midst"",""enthusiastic"",""serpentine""]","enthusiastic","ant","jaded"
"Choose the antonym for 'exhausted'.","[""abhor"",""acute"",""relevant"",""energetic""]","energetic","ant","exhausted"
"Choose the antonym for 'drowsy'.","[""alert"",""tepid"",""potential"",""evident""]","alert","ant","drowsy"
"Choose the antonym for 'invigorated'.","[""obstinate"",""crack up"",""exhausted"",""abandon""]","exhausted","ant","invigorated"
"Choose the antonym for 'obtuse' (a person, not an angle).","[""dazzling"",""dilate"",""astute"",""obsolete""]","astute","ant","obtuse"
"Choose the antonym for 'abridge'.","[""dais"",""bawl"",""expand"",""barb""]","expand","ant","abridge"
"Choose the antonym for 'sullen'.","[""potent"",""passive"",""felicitous"",""cheerful""]","cheerful","ant","sullen"
"Choose the antonym for 'acute' (pain).","[""mild"",""conscientious"",""avowed"",""indolent""]","mild","ant","acute"
"Choose the antonym for 'pensive'.","[""sagacious"",""frigid"",""carefree"",""acid""]","carefree","ant","pensive"
"Choose the antonym for 'malign'.","[""praise"",""chronicle"",""demolish"",""tempestuous""]","praise","ant","malign"
"Choose the antonym for 'slander'.","[""unfathomable"",""threadbare"",""vital"",""compliment""]","compliment","ant","slander"
"Choose the antonym for 'crooked' (a line).","[""break a leg"",""straight"",""dilate"",""shuffle""]","straight","ant","crooked"
"Choose the antonym for 'contempt'.","[""retreat"",""notoriety"",""respect"",""inhabitants""]","respect","ant","contempt"
"Choose the antonym for 'mist'.","[""subtle"",""clear air"",""weary"",""punctual""]","clear air","ant","mist"
"Choose the antonym for 'reckless'.","[""shack"",""invigorated"",""prudent"",""bedlam""]","prudent","ant","reckless"
"Choose the antonym for 'enrage'.","[""godsend"",""forthwith"",""calm"",""opaque""]","calm","ant","enrage"
"Choose the antonym for 'perilous'.","[""blot"",""truce"",""forthwith"",""safe""]","safe","ant","perilous"
"Choose the antonym for 'overt'.","[""mellow"",""yield"",""covert"",""myth""]","covert","ant","overt"
"Choose the antonym for 'covert'.","[""subtle"",""overt"",""immerse"",""antiquity""]","overt","ant","covert"
"Choose the antonym for 'candid'.","[""grave"",""disclose"",""obsolete"",""evasive""]","evasive","ant","candid"
"Choose the antonym for 'stingy'.","[""lavish"",""inaugurate"",""tangle"",""pioneer""]","lavish","ant","stingy"
"Choose the antonym for 'futile'.","[""peculiar"",""effective"",""feud"",""impervious""]","effective","ant","futile"
"Choose the antonym for 'impede'.","[""crop"",""acute"",""facilitate"",""humid""]","facilitate","ant","impede"
"Choose the antonym for 'pique' (interest).","[""dull"",""frigid"",""fret"",""hallmark""]","dull","ant","pique"
"Choose the antonym for 'smother'.","[""perceive"",""trivia"",""uncover"",""platonic""]","uncover","ant","smother"
"Choose the antonym for 'heed'.","[""hamper"",""tally"",""ignore"",""urban""]","ignore","ant","heed"
"Choose the antonym for 'exile' (a punishment).","[""debut"",""turbulent"",""lenient"",""homecoming""]","homecoming","ant","exile"
"Choose the antonym for 'aloof'.","[""debut"",""obsolete"",""oodles"",""friendly""]","friendly","ant","aloof"
"Choose the antonym for 'congregate'.","[""abandon"",""confront"",""vapour"",""disperse""]","disperse","ant","congregate"
"Choose the antonym for 'forthwith'.","[""dwelling"",""bedlam"",""debut"",""later""]","later","ant","forthwith"
"Choose the antonym for 'sporadically'.","[""insignia"",""constantly"",""negligible"",""foil""]","constantly","ant","sporadically"
"Choose the antonym for 'intermittently'.","[""oblivious"",""tally"",""continuously"",""taut""]","continuously","ant","intermittently"
"Choose the antonym for 'godsend'.","[""burden"",""whimper"",""myth"",""snivel""]","burden","ant","godsend"
"Choose the antonym for 'concede'.","[""forthwith"",""insipid"",""frigid"",""dispute""]","dispute","ant","concede"
"Choose the antonym for 'contemplate'.","[""economical"",""dwindle"",""ignore"",""blot""]","ignore","ant","contemplate"
"Choose the antonym for 'vowel'.","[""nebulous"",""consonant"",""evaluation"",""melancholy""]","consonant","ant","vowel"
"Choose the antonym for 'consonant'.","[""notoriety"",""vowel"",""impudent"",""contemporary""]","vowel","ant","consonant"
"Choose the antonym for 'sombre'.","[""cheerful"",""frown"",""ajar"",""feud""]","cheerful","ant","sombre"
"Choose the antonym for 'immaculate'.","[""dirty"",""fester"",""impartial"",""scowl""]","dirty","ant","immaculate"
"Choose the antonym for 'tally' (two accounts tally).","[""impede"",""elongate"",""differ"",""inhabitants""]","differ","ant","tally"
"Choose the antonym for 'assent'.","[""flamboyant"",""hinder"",""dissent"",""acrid""]","dissent","ant","assent"
"Choose the antonym for 'deprive'.","[""wary"",""provide"",""vouch"",""gratitude""]","provide","ant","deprive"
"Choose the antonym for 'crop' (hair, as a verb).","[""cellar"",""ploy"",""lengthen"",""chronicle""]","lengthen","ant","crop"
"Choose the antonym for 'criticism'.","[""pivotal"",""bedlam"",""sweltering"",""praise""]","praise","ant","criticism"
"Choose the antonym for 'glitter'.","[""slander"",""dull"",""compliment"",""despair""]","dull","ant","glitter"
"Choose the antonym for 'felicitous'.","[""vanity"",""queasy"",""pompous"",""inappropriate""]","inappropriate","ant","felicitous"
"Choose the antonym for 'hapless'.","[""lucky"",""notoriety"",""foam"",""blunt""]","lucky","ant","hapless"
"Choose the antonym for 'rural'.","[""urban"",""probate"",""ambiguous"",""plunder""]","urban","ant","rural"
"Choose the antonym for 'urban'.","[""rural"",""drought"",""miser"",""canine""]","rural","ant","urban"
"Choose the antonym for 'raucous'.","[""irate"",""favourable"",""subdued"",""yield""]","subdued","ant","raucous"
"Choose the antonym for 'dingy'.","[""nebulous"",""mist"",""whine"",""bright""]","bright","ant","dingy"
"Choose the antonym for 'shun'.","[""seek"",""pigment"",""industrious"",""truce""]","seek","ant","shun"
"Choose the antonym for 'confront'.","[""mist"",""afflict"",""dread"",""evade""]","evade","ant","confront"
"Choose the antonym for 'forgo'.","[""lenient"",""accept"",""conserve"",""veteran""]","accept","ant","forgo"
"Choose the antonym for 'abstain'.","[""participate"",""ajar"",""revolve"",""besieged""]","participate","ant","abstain"
"Choose the antonym for 'forlorn'.","[""callous"",""helix"",""hopeful"",""economical""]","hopeful","ant","forlorn"
"Choose the antonym for 'implore'.","[""dazzling"",""exile"",""demand"",""forgo""]","demand","ant","implore"
"Choose the antonym for 'pristine'.","[""dirty"",""apathy"",""conceited"",""scanty""]","dirty","ant","pristine"
"Choose the antonym for 'grime'.","[""yield"",""husk"",""cleanliness"",""trivial""]","cleanliness","ant","grime"
"Choose the antonym for 'filth'.","[""genial"",""asinine"",""feign"",""cleanliness""]","cleanliness","ant","filth"
"Choose the antonym for 'abolish'.","[""establish"",""harbour"",""subterranean"",""pristine""]","establish","ant","abolish"
"Choose the antonym for 'novice'.","[""sway"",""sporadically"",""veteran"",""current""]","veteran","ant","novice"
"Choose the antonym for 'urge'.","[""revolve"",""thrifty"",""poetry"",""deter""]","deter","ant","urge"
"Choose the antonym for 'deter'.","[""inane"",""disperse"",""encourage"",""insolent""]","encourage","ant","deter"
"Choose the antonym for 'folly'.","[""caulk"",""obscene"",""wisdom"",""trickle""]","wisdom","ant","folly"
"Choose the antonym for 'crease'.","[""peripheral"",""lea"",""cordial"",""smoothness""]","smoothness","ant","crease"
"Choose the antonym for 'abrupt' (a change).","[""tint"",""celestial"",""gradual"",""forlorn""]","gradual","ant","abrupt"
"Choose the antonym for 'opaque'.","[""compulsory"",""meagre"",""retreat"",""transparent""]","transparent","ant","opaque"
"Choose the antonym for 'chastise'.","[""praise"",""wither"",""malady"",""mumble""]","praise","ant","chastise"
"Choose the antonym for 'glut'.","[""stern"",""precarious"",""shortage"",""indulgent""]","shortage","ant","glut"
"Choose the antonym for 'baffle'.","[""attest"",""genial"",""enlighten"",""harbour""]","enlighten","ant","baffle"
"Choose the antonym for 'pliable'.","[""scrupulous"",""prejudice"",""refute"",""rigid""]","rigid","ant","pliable"
"Choose the antonym for 'penetrate'.","[""withdraw"",""yacht"",""composition"",""din""]","withdraw","ant","penetrate"
"Choose the antonym for 'ambiguous'.","[""clear"",""fleet"",""stalwart"",""trinket""]","clear","ant","ambiguous"
"Choose the antonym for 'equivocate'.","[""state plainly"",""inaugurate"",""mellow"",""unfathomable""]","state plainly","ant","equivocate"
"Choose the antonym for 'rigorous'.","[""lax"",""confront"",""raiment"",""howl""]","lax","ant","rigorous"
"Choose the antonym for 'scrupulous'.","[""matte"",""careless"",""empire"",""turbulent""]","careless","ant","scrupulous"
"Choose the antonym for 'nebulous'.","[""chore"",""clear"",""cellar"",""cordial""]","clear","ant","nebulous"
"Choose the antonym for 'mediocre'.","[""thorough"",""penetrate"",""excellent"",""gullible""]","excellent","ant","mediocre"
"Choose the antonym for 'intrigue'.","[""dwelling"",""juvenile"",""perceive"",""bore""]","bore","ant","intrigue"
"Choose the antonym for 'jeer'.","[""concede"",""chore"",""cheer"",""smug""]","cheer","ant","jeer"
"Choose the antonym for 'dextrous'.","[""clumsy"",""facilitate"",""ostentatious"",""device""]","clumsy","ant","dextrous"
"Choose the antonym for 'thrifty'.","[""moan"",""oodles"",""wasteful"",""nimble""]","wasteful","ant","thrifty"
"Choose the antonym for 'peckish'.","[""complement"",""yield"",""scripture"",""sated""]","sated","ant","peckish"
"Choose the antonym for 'ravenous'.","[""submissive"",""compliant"",""moan"",""sated""]","sated","ant","ravenous"
"Choose the antonym for 'sated'.","[""pretence"",""ravenous"",""deduct"",""threadbare""]","ravenous","ant","sated"
"Choose the antonym for 'satiated'.","[""enmity"",""vanity"",""prejudice"",""famished""]","famished","ant","satiated"
"Choose the antonym for 'famished'.","[""gravely"",""sated"",""imperious"",""gulp""]","sated","ant","famished"
"Choose the antonym for 'replete'.","[""elongate"",""abstain"",""fissure"",""empty""]","empty","ant","replete"
"Choose the antonym for 'deplete'.","[""acute"",""replenish"",""petty"",""diligent""]","replenish","ant","deplete"
"Choose the antonym for 'juvenile'.","[""arid"",""agitated"",""adult"",""defy""]","adult","ant","juvenile"
"Choose the antonym for 'unravel'.","[""harbour"",""tangle"",""demean"",""vent""]","tangle","ant","unravel"
"Choose the antonym for 'tangle' (threads, as a verb).","[""scalding"",""provoke"",""dread"",""unravel""]","unravel","ant","tangle"
"Choose the antonym for 'despair'.","[""hope"",""absolve"",""comrade"",""derelict""]","hope","ant","despair"
"Choose the antonym for 'anguish'.","[""dingy"",""comfort"",""sanitary"",""proxy""]","comfort","ant","anguish"
"Choose the antonym for 'twine' (threads, as a verb).","[""relevant"",""untwine"",""lupine"",""compulsory""]","untwine","ant","twine"
"Choose the antonym for 'peripheral'.","[""central"",""sanction"",""severe"",""forthwith""]","central","ant","peripheral"
"Choose the antonym for 'ambulatory'.","[""immobile"",""helix"",""favoured"",""savvy""]","immobile","ant","ambulatory"
"Choose the antonym for 'stagnant' (water).","[""flowing"",""criticism"",""kindle"",""acrid""]","flowing","ant","stagnant"
"Choose the antonym for 'mobile' (a device).","[""absolve"",""shrewd"",""stationary"",""threadbare""]","stationary","ant","mobile"
"Choose the antonym for 'wary'.","[""malign"",""careless"",""forgo"",""pristine""]","careless","ant","wary"
"Choose the antonym for 'gullible'.","[""shrewd"",""irate"",""empire"",""conspicuous""]","shrewd","ant","gullible"
"Choose the antonym for 'shuffle'.","[""perceive"",""stride"",""elementary"",""contempt""]","stride","ant","shuffle"
"Choose the antonym for 'stride'.","[""extinction"",""shuffle"",""incision"",""crack up""]","shuffle","ant","stride"
"Choose the antonym for 'dread'.","[""eagerness"",""innocuous"",""nuisance"",""loathe""]","eagerness","ant","dread"
"Choose the antonym for 'fable'.","[""inaugurate"",""truce"",""fact"",""plunder""]","fact","ant","fable"
"Choose the antonym for 'myth' (a false belief).","[""flog"",""conspiracy"",""fact"",""squander""]","fact","ant","myth"
"Choose the antonym for 'doltish'.","[""distress"",""exclaim"",""dismal"",""astute""]","astute","ant","doltish"
"Choose the antonym for 'dopey' (from tiredness).","[""fringe"",""alert"",""pompous"",""cackle""]","alert","ant","dopey"
"Choose the antonym for 'shrewd'.","[""lenient"",""naive"",""virulent"",""controversy""]","naive","ant","shrewd"
"Choose the antonym for 'astute'.","[""obtuse"",""nuisance"",""inconspicuous"",""unkempt""]","obtuse","ant","astute"
"Choose the antonym for 'imbecile'.","[""sage"",""twine"",""fertile"",""mediocre""]","sage","ant","imbecile"
"Choose the antonym for 'inane'.","[""pliable"",""resonate"",""besieged"",""sensible""]","sensible","ant","inane"
"Choose the antonym for 'savvy'.","[""provoke"",""wreck"",""complement"",""ignorance""]","ignorance","ant","savvy"
"Choose the antonym for 'sage' (a person).","[""fool"",""haughty"",""rigorous"",""evaluation""]","fool","ant","sage"
"Choose the antonym for 'subtle' (a hint).","[""ambiguous"",""obvious"",""memoir"",""abundance""]","obvious","ant","subtle"
"Choose the antonym for 'vain'.","[""sole"",""stricken"",""modest"",""gravely""]","modest","ant","vain"
"Choose the antonym for 'deficient'.","[""famine"",""interrogate"",""dearth"",""sufficient""]","sufficient","ant","deficient"
"Choose the antonym for 'warp'.","[""cordial"",""facile"",""straighten"",""indolent""]","straighten","ant","warp"
"Choose the antonym for 'lean' (against a wall).","[""straighten"",""filth"",""taut"",""smug""]","straighten","ant","lean"
"Choose the antonym for 'oodles'.","[""splendid"",""hapless"",""scarcity"",""domestic""]","scarcity","ant","oodles"
"Choose the antonym for 'populous'.","[""forthwith"",""peculiar"",""facile"",""sparsely populated""]","sparsely populated","ant","populous"
"Choose the antonym for 'wavy'.","[""intrinsic"",""straight"",""glut"",""quaint""]","straight","ant","wavy"
"Choose the antonym for 'taut'.","[""peddle"",""indulgent"",""slack"",""economical""]","slack","ant","taut"
"Choose the antonym for 'radiant' (an expression).","[""conscientious"",""cellar"",""pious"",""gloomy""]","gloomy","ant","radiant"
"Choose the antonym for 'gulp'.","[""sip"",""volatile"",""deceit"",""fatigue""]","sip","ant","gulp"
"Choose the antonym for 'jubilant'.","[""decrepit"",""miserable"",""meticulous"",""placate""]","miserable","ant","jubilant"
"Choose the antonym for 'dismay'.","[""diminish"",""delight"",""ingredient"",""pioneer""]","delight","ant","dismay"
"Choose the antonym for 'gleeful'.","[""sad"",""perceive"",""implore"",""poetry""]","sad","ant","gleeful"
"Choose the antonym for 'glum'.","[""hallmark"",""cheerful"",""caprine"",""virtue""]","cheerful","ant","glum"
"Choose the antonym for 'ajar'.","[""closed"",""floppy"",""calamity"",""inflame""]","closed","ant","ajar"
"Choose the antonym for 'scruffy'.","[""celestial"",""severe"",""neat"",""endeavour""]","neat","ant","scruffy"
"Choose the antonym for 'legend' (a traditional story).","[""sullen"",""fact"",""godsend"",""conscientious""]","fact","ant","legend"
"Choose the antonym for 'chortle'.","[""gratifying"",""sob"",""miser"",""urge""]","sob","ant","chortle"
"Choose the antonym for 'exclaim'.","[""wax"",""molten"",""device"",""whisper""]","whisper","ant","exclaim"
"Choose the antonym for 'clamour'.","[""wreck"",""silence"",""severe"",""censure""]","silence","ant","clamour"
"Choose the antonym for 'whisper'.","[""contemporary"",""inane"",""shout"",""nebulous""]","shout","ant","whisper"
"Choose the antonym for 'whimper'.","[""roar"",""belligerent"",""impale"",""mellow""]","roar","ant","whimper"
"Choose the antonym for 'mumble'.","[""platonic"",""censorious"",""enunciate"",""stingy""]","enunciate","ant","mumble"
"Choose the antonym for 'howl'.","[""wane"",""absurd"",""whisper"",""temperate""]","whisper","ant","howl"
"Choose the antonym for 'bawl'.","[""exile"",""peripheral"",""whisper"",""assiduous""]","whisper","ant","bawl"
"Choose the antonym for 'absolve'.","[""warp"",""perplexed"",""condemn"",""insignia""]","condemn","ant","absolve"
"Choose the antonym for 'obsolete'.","[""grotesque"",""quaint"",""vain"",""current""]","current","ant","obsolete"
"Choose the antonym for 'current' (fashion).","[""summit"",""outdated"",""sullen"",""shack""]","outdated","ant","current"
"Choose the antonym for 'truce'.","[""fret"",""war"",""facile"",""notion""]","war","ant","truce"
"Choose the antonym for 'inept'.","[""prudent"",""whisper"",""adept"",""beck""]","adept","ant","inept"
"Choose the antonym for 'hinder'.","[""royal"",""conceal"",""facilitate"",""perilous""]","facilitate","ant","hinder"
"Choose the antonym for 'sever'.","[""mellow"",""join"",""vowel"",""lupine""]","join","ant","sever"
"Choose the antonym for 'severe'.","[""mild"",""yacht"",""trivia"",""toil""]","mild","ant","severe"
"Choose the antonym for 'encompass'.","[""arduous"",""exclude"",""inhabitants"",""temperate""]","exclude","ant","encompass"
"Choose the antonym for 'scatter'.","[""elementary"",""solitary"",""gather"",""conspicuous""]","gather","ant","scatter"
"Choose the antonym for 'trickle'.","[""pour"",""imitate"",""savvy"",""fleet""]","pour","ant","trickle"
"Choose the antonym for 'mirage'.","[""dazzling"",""urge"",""aloof"",""reality""]","reality","ant","mirage"
"Choose the antonym for 'languid'.","[""coax"",""endure"",""energetic"",""encompass""]","energetic","ant","languid"
"Choose the antonym for 'austerity'.","[""vile"",""conscience"",""extravagance"",""dopey""]","extravagance","ant","austerity"
"Choose the antonym for 'extravagance'.","[""hoax"",""superfluous"",""inhabitants"",""frugality""]","frugality","ant","extravagance"
"Choose the antonym for 'susceptible'.","[""fret"",""resistant"",""dictate"",""sway""]","resistant","ant","susceptible"
"Choose the antonym for 'dearth'.","[""abundance"",""coy"",""impartial"",""scowl""]","abundance","ant","dearth"
"Choose the antonym for 'fusion'.","[""separation"",""pompous"",""frugal"",""auspicious""]","separation","ant","fusion"
"Choose the antonym for 'meld'.","[""mirage"",""sweltering"",""separate"",""celestial""]","separate","ant","meld"
"Choose the antonym for 'molten'.","[""fatigue"",""vend"",""obedient"",""solid""]","solid","ant","molten"
"Choose the antonym for 'tease'.","[""juvenile"",""intrinsic"",""praise"",""celestial""]","praise","ant","tease"
"Choose the antonym for 'imperious'.","[""apprehend"",""submissive"",""precarious"",""margin""]","submissive","ant","imperious"
"Choose the antonym for 'meek'.","[""apparent"",""drought"",""assertive"",""apathy""]","assertive","ant","meek"
"Choose the antonym for 'smug'.","[""humble"",""tenuous"",""riveting"",""harbour""]","humble","ant","smug"
"Choose the antonym for 'demure'.","[""flamboyant"",""seize"",""token"",""riveting""]","flamboyant","ant","demure"
"Choose the antonym for 'boastful'.","[""modest"",""wax"",""evade"",""yearn""]","modest","ant","boastful"
"Choose the antonym for 'timid'.","[""serpentine"",""animosity"",""lament"",""bold""]","bold","ant","timid"
"Choose the antonym for 'elementary'.","[""avowed"",""assiduous"",""advanced"",""snivel""]","advanced","ant","elementary"
"Choose the antonym for 'potential' (a future possibility).","[""aspire"",""painstaking"",""actual"",""chronicle""]","actual","ant","potential"
"Choose the antonym for 'probable'.","[""felicitous"",""unravel"",""tally"",""unlikely""]","unlikely","ant","probable"
"Choose the antonym for 'refrain'.","[""inconsequential"",""quaint"",""opaque"",""indulge""]","indulge","ant","refrain"
"Choose the antonym for 'myriad' (myriad stars).","[""aggravation"",""retreat"",""few"",""ancient""]","few","ant","myriad"
"Choose the antonym for 'aromatic'.","[""gulp"",""vain"",""odourless"",""hoax""]","odourless","ant","aromatic"
"Choose the antonym for 'fragrant'.","[""intricate"",""penetrate"",""grave"",""foul-smelling""]","foul-smelling","ant","fragrant"
"Choose the antonym for 'vex'.","[""prejudice"",""frivolous"",""ingredient"",""please""]","please","ant","vex"
"Choose the antonym for 'exorbitant'.","[""reasonable"",""inaugurate"",""rigorous"",""scrupulous""]","reasonable","ant","exorbitant"
"Choose the antonym for 'adverse'.","[""hawk"",""austerity"",""favourable"",""dishevelled""]","favourable","ant","adverse"
"Choose the antonym for 'favourable'.","[""majestic"",""adverse"",""tally"",""ravenous""]","adverse","ant","favourable"
"Choose the antonym for 'squander'.","[""baffle"",""torment"",""destitute"",""conserve""]","conserve","ant","squander"
"Choose the antonym for 'conserve'.","[""porcine"",""vanity"",""wholesome"",""squander""]","squander","ant","conserve"
"Choose the antonym for 'solitary'.","[""ordeal"",""diplomatic"",""shrewd"",""sociable""]","sociable","ant","solitary"
"Choose the antonym for 'petite'.","[""beck"",""sole"",""apprehension"",""large""]","large","ant","petite"
"Choose the antonym for 'paltry'.","[""fluctuate"",""impede"",""substantial"",""procrastinate""]","substantial","ant","paltry"
"Choose the antonym for 'wee'.","[""lupine"",""obstinate"",""diligent"",""huge""]","huge","ant","wee"
"Choose the antonym for 'trifling'.","[""gratitude"",""substantial"",""virulent"",""exaggerate""]","substantial","ant","trifling"
"Choose the antonym for 'tenuous'.","[""prejudice"",""hind"",""flourish"",""substantial""]","substantial","ant","tenuous"
"Choose the antonym for 'uniform' (a pattern).","[""varied"",""salient"",""vapour"",""merchant""]","varied","ant","uniform"
"Choose the antonym for 'sagacious'.","[""unravel"",""foolish"",""vanish"",""despair""]","foolish","ant","sagacious"
"Choose the antonym for 'snub'.","[""rebuttal"",""hinder"",""welcome"",""fluctuate""]","welcome","ant","snub"
"Choose the antonym for 'smirk'.","[""frown"",""trough"",""abode"",""sporadically""]","frown","ant","smirk"
"Choose the antonym for 'censure'.","[""radiant"",""molten"",""vein"",""praise""]","praise","ant","censure"
"Choose the antonym for 'royal'.","[""vice"",""congregate"",""permeate"",""common""]","common","ant","royal"
"Choose the antonym for 'sequence'.","[""fragrant"",""disorder"",""frigid"",""rural""]","disorder","ant","sequence"
"Choose the antonym for 'evade'.","[""pilfer"",""confront"",""besieged"",""rivet""]","confront","ant","evade"
"Choose the antonym for 'aspire'.","[""discord"",""exclaim"",""despair"",""rebuttal""]","despair","ant","aspire"
"Choose the antonym for 'desire' (a feeling).","[""intricate"",""profligate"",""aversion"",""scruffy""]","aversion","ant","desire"
"Choose the antonym for 'naive'.","[""din"",""shrewd"",""dispute"",""staunch""]","shrewd","ant","naive"
"Choose the antonym for 'apprehend' (a suspect).","[""sermon"",""conscientious"",""deteriorate"",""release""]","release","ant","apprehend"
"Choose the antonym for 'purloin'.","[""inferior"",""return"",""exorbitant"",""arid""]","return","ant","purloin"
"Choose the antonym for 'impart'.","[""foam"",""grotesque"",""sullen"",""conceal""]","conceal","ant","impart"
"Choose the antonym for 'pilfer'.","[""stalwart"",""mumble"",""return"",""commence""]","return","ant","pilfer"
"Choose the antonym for 'resonate' (a sound).","[""resentful"",""dampen"",""obsolete"",""gleeful""]","dampen","ant","resonate"
"Choose the antonym for 'diplomatic'.","[""crevice"",""compliant"",""blunt"",""cellar""]","blunt","ant","diplomatic"
"Choose the antonym for 'tactful'.","[""pigment"",""hustle"",""stern"",""tactless""]","tactless","ant","tactful"
"Choose the antonym for 'sway' (in the breeze).","[""steady"",""consonant"",""meld"",""succumb""]","steady","ant","sway"
"Choose the antonym for 'vouch'.","[""dwindle"",""dispute"",""palaeontologist"",""complement""]","dispute","ant","vouch"
"Choose the antonym for 'attest'.","[""advice"",""refute"",""diminish"",""ovine""]","refute","ant","attest"
"Choose the antonym for 'celestial'.","[""shuffle"",""covet"",""terrestrial"",""poetry""]","terrestrial","ant","celestial"
"Choose the antonym for 'vital'.","[""porcine"",""settee"",""trivial"",""fester""]","trivial","ant","vital"
"Choose the antonym for 'trough' (of a wave).","[""insolent"",""peak"",""tenuous"",""quaint""]","peak","ant","trough"
"Choose the antonym for 'vice' (a moral quality).","[""yacht"",""virtue"",""agitated"",""complement""]","virtue","ant","vice"
"Choose the antonym for 'virtue'.","[""intrigue"",""vice"",""impediment"",""punctual""]","vice","ant","virtue"
"Choose the antonym for 'sweltering'.","[""flourish"",""vile"",""frigid"",""heed""]","frigid","ant","sweltering"
"Choose the antonym for 'scalding'.","[""endure"",""lucid"",""technophobe"",""cold""]","cold","ant","scalding"
"Choose the antonym for 'frigid'.","[""despise"",""sweltering"",""mumble"",""hasty""]","sweltering","ant","frigid"
"Choose the antonym for 'scowl'.","[""smile"",""pigment"",""dignify"",""consonant""]","smile","ant","scowl"
"Choose the antonym for 'frown'.","[""smile"",""hamper"",""mediocre"",""conceal""]","smile","ant","frown"
"Choose the antonym for 'hamper'.","[""vicarious"",""facilitate"",""oblivious"",""endure""]","facilitate","ant","hamper"
"Choose the antonym for 'stroll'.","[""rush"",""bland"",""procrastinate"",""truce""]","rush","ant","stroll"
"Choose the antonym for 'husk'.","[""impart"",""kernel"",""obscene"",""infamy""]","kernel","ant","husk"
"Choose the antonym for 'brittle'.","[""tough"",""technophobe"",""besieged"",""quench""]","tough","ant","brittle"
"Choose the antonym for 'shell'.","[""brittle"",""vanish"",""interior"",""conceited""]","interior","ant","shell"
"Choose the antonym for 'sedate' (a manner).","[""excitable"",""prudent"",""abhor"",""malign""]","excitable","ant","sedate"
"Choose the antonym for 'divulge'.","[""subdued"",""solace"",""conceal"",""taut""]","conceal","ant","divulge"
"Choose the antonym for 'valour'.","[""dwelling"",""hasty"",""juvenile"",""cowardice""]","cowardice","ant","valour"
"Choose the antonym for 'midst'.","[""myth"",""edge"",""adept"",""lax""]","edge","ant","midst"
"Choose the antonym for 'forfeit'.","[""wee"",""fortitude"",""intermittently"",""retain""]","retain","ant","forfeit"
"Choose the antonym for 'inconsequential'.","[""imperious"",""gravely"",""important"",""flourish""]","important","ant","inconsequential"
"Choose the antonym for 'superficial' (an investigation).","[""pungent"",""subtle"",""vile"",""thorough""]","thorough","ant","superficial"
"Choose the antonym for 'negligible'.","[""desire"",""arid"",""substantial"",""pungent""]","substantial","ant","negligible"
"Choose the antonym for 'substantial'.","[""negligible"",""distress"",""tepid"",""confront""]","negligible","ant","substantial"
"Choose the antonym for 'salient'.","[""minor"",""settee"",""economical"",""artefact""]","minor","ant","salient"
"Choose the antonym for 'immaterial'.","[""smother"",""concur"",""trickle"",""relevant""]","relevant","ant","immaterial"
"Choose the antonym for 'insignificant'.","[""controversy"",""confront"",""significant"",""conscience""]","significant","ant","insignificant"
"Choose the antonym for 'discord'.","[""harmony"",""probate"",""yearn"",""peckish""]","harmony","ant","discord"
"Choose the antonym for 'bland' (in flavour).","[""thrive"",""twine"",""empire"",""flavourful""]","flavourful","ant","bland"
"Choose the antonym for 'insipid' (in flavour).","[""flavourful"",""intrinsic"",""dazzling"",""regal""]","flavourful","ant","insipid"
"Choose the antonym for 'whine'.","[""nullify"",""vein"",""discordant"",""praise""]","praise","ant","whine"
"Choose the antonym for 'moan'.","[""stalwart"",""limp"",""vend"",""cheer""]","cheer","ant","moan"
"Choose the antonym for 'surmise'.","[""know"",""spurn"",""barren"",""vulgar""]","know","ant","surmise"
"Choose the antonym for 'deduct'.","[""meek"",""prejudice"",""mellow"",""add""]","add","ant","deduct"
"Choose the antonym for 'enchant'.","[""susceptible"",""repel"",""whisper"",""arid""]","repel","ant","enchant"
"Choose the antonym for 'skim' (a text).","[""study"",""desire"",""meadow"",""dilate""]","study","ant","skim"
"Choose the antonym for 'pare'.","[""slander"",""jury"",""add"",""offend""]","add","ant","pare"
"Choose the antonym for 'rebuke'.","[""praise"",""feign"",""disclose"",""profligate""]","praise","ant","rebuke"
"Choose the antonym for 'comprehensive'.","[""incomplete"",""demean"",""sanitary"",""afflict""]","incomplete","ant","comprehensive"
"Choose the antonym for 'thorough'.","[""furious"",""forthwith"",""superficial"",""susceptible""]","superficial","ant","thorough"
"Choose the antonym for 'indulgent'.","[""compulsory"",""porcine"",""severe"",""paltry""]","severe","ant","indulgent"
"Choose the antonym for 'prudent'.","[""reckless"",""legend"",""break a leg"",""enchant""]","reckless","ant","prudent"
"Choose the antonym for 'detrimental'.","[""tactful"",""beneficial"",""gregarious"",""despicable""]","beneficial","ant","detrimental"
"Choose the antonym for 'queasy'.","[""well"",""pique"",""club"",""delegate""]","well","ant","queasy"
"Choose the antonym for 'witty'.","[""stride"",""probation"",""insignificant"",""dull""]","dull","ant","witty"
"Choose the antonym for 'revolve'.","[""subterfuge"",""wary"",""restrain"",""remain still""]","remain still","ant","revolve"
"Choose the antonym for 'veteran' (in a profession).","[""foil"",""merchant"",""intricate"",""novice""]","novice","ant","veteran"
"Choose the antonym for 'elongate'.","[""destitute"",""dextrous"",""lax"",""shorten""]","shorten","ant","elongate"
"Choose the antonym for 'curtail'.","[""extend"",""vanity"",""grotesque"",""besotted""]","extend","ant","curtail"
"Choose the antonym for 'tempest'.","[""warp"",""pungent"",""calm"",""fringe""]","calm","ant","tempest"
"Choose the antonym for 'waver'.","[""platonic"",""remain firm"",""dearth"",""perilous""]","remain firm","ant","waver"
"Choose the antonym for 'ignite'.","[""divulge"",""stingy"",""quench"",""meek""]","quench","ant","ignite"
"Choose the antonym for 'kindle' (a feeling).","[""probable"",""suppress"",""subtle"",""affable""]","suppress","ant","kindle"
"Choose the antonym for 'docile'.","[""vice"",""whimper"",""defiant"",""commence""]","defiant","ant","docile"
"Choose the antonym for 'compliant'.","[""howl"",""defiant"",""crevice"",""gleeful""]","defiant","ant","compliant"
"Choose the antonym for 'resentful'.","[""procrastinate"",""sermon"",""content"",""diligent""]","content","ant","resentful"
"Choose the antonym for 'gloomy'.","[""aggravation"",""adept"",""demean"",""cheerful""]","cheerful","ant","gloomy"
"Choose the antonym for 'censorious'.","[""purloin"",""palaeontologist"",""approving"",""perceive""]","approving","ant","censorious"
"Choose the antonym for 'decrepit'.","[""ferocious"",""warp"",""sturdy"",""arid""]","sturdy","ant","decrepit"
"Choose the antonym for 'obliging'.","[""loathe"",""unhelpful"",""coil"",""thorough""]","unhelpful","ant","obliging"
"Choose the antonym for 'poise'.","[""awkwardness"",""disguise"",""impediment"",""howl""]","awkwardness","ant","poise"
"Choose the antonym for 'technophobe'.","[""advice"",""technophile"",""scatter"",""forfeit""]","technophile","ant","technophobe"
"Choose the antonym for 'flog' (goods at a market).","[""buy"",""squander"",""legend"",""nuisance""]","buy","ant","flog"
"Choose the antonym for 'amoral'.","[""dearth"",""dismal"",""moral"",""offend""]","moral","ant","amoral"
"Choose the antonym for 'stricken'.","[""censorious"",""dwelling"",""caprine"",""unaffected""]","unaffected","ant","stricken"
"Choose the antonym for 'strenuous'.","[""easy"",""imitate"",""weary"",""pivotal""]","easy","ant","strenuous"
"Choose the antonym for 'melodious'.","[""limp"",""discordant"",""prophecy"",""diminish""]","discordant","ant","melodious"
"Choose the antonym for 'discordant'.","[""crevice"",""melodious"",""gleeful"",""smirk""]","melodious","ant","discordant"
"Choose the antonym for 'afflict'.","[""wavy"",""demure"",""pivotal"",""relieve""]","relieve","ant","afflict"
"Choose the antonym for 'dictate' (instructions).","[""request"",""exile"",""potent"",""savvy""]","request","ant","dictate"
"Choose the antonym for 'desist'.","[""continue"",""strenuous"",""ignorant"",""brusque""]","continue","ant","desist"
"Choose the antonym for 'prevalent'.","[""break a leg"",""rare"",""scatter"",""banish""]","rare","ant","prevalent"
"Choose the antonym for 'enrapt'.","[""lavish"",""dextrous"",""bored"",""vice""]","bored","ant","enrapt"
"Choose the antonym for 'threadbare'.","[""pristine"",""notoriety"",""dazzling"",""foam""]","pristine","ant","threadbare"
"Choose the antonym for 'devoted'.","[""frigid"",""disloyal"",""auspicious"",""notion""]","disloyal","ant","devoted"
"Choose the antonym for 'stalwart'.","[""unreliable"",""meticulous"",""magma"",""ramble""]","unreliable","ant","stalwart"
"Choose the antonym for 'jovial'.","[""current"",""tenuous"",""petty"",""gloomy""]","gloomy","ant","jovial"
"Choose the antonym for 'genial'.","[""hostile"",""covert"",""superficial"",""vouch""]","hostile","ant","genial"
"Choose the antonym for 'fraught'.","[""drought"",""famine"",""devoted"",""calm""]","calm","ant","fraught"
"Choose the antonym for 'fracas'.","[""peace"",""grieve"",""exaggerate"",""squander""]","peace","ant","fracas"
"Choose the antonym for 'facilitate'.","[""satiated"",""tease"",""hinder"",""veto""]","hinder","ant","facilitate"
"Choose the antonym for 'nullify'.","[""savvy"",""validate"",""stalwart"",""coax""]","validate","ant","nullify"
"Choose the antonym for 'infamy'.","[""honour"",""salient"",""dawdle"",""adept""]","honour","ant","infamy"
"Choose the antonym for 'notoriety'.","[""truce"",""obscurity"",""grime"",""abhor""]","obscurity","ant","notoriety"
"Choose the antonym for 'rebuttal'.","[""diluted"",""agreement"",""feline"",""placid""]","agreement","ant","rebuttal"
"Choose the antonym for 'fickle'.","[""steadfast"",""imbecile"",""compulsory"",""snub""]","steadfast","ant","fickle"
"Choose the antonym for 'staunch'.","[""piscine"",""lax"",""wavering"",""current""]","wavering","ant","staunch"
"Choose the antonym for 'virulent' (of a disease).","[""legend"",""mild"",""potential"",""trifling""]","mild","ant","virulent"
"Choose the antonym for 'fester' (a wound).","[""froth"",""heal"",""notion"",""candid""]","heal","ant","fester"
"Choose the antonym for 'intrinsic'.","[""exaggerate"",""insipid"",""vein"",""extrinsic""]","extrinsic","ant","intrinsic"
"Choose the antonym for 'debut'.","[""encompass"",""derelict"",""finale"",""dignify""]","finale","ant","debut"
"Choose the antonym for 'hustle'.","[""cellar"",""trough"",""rural"",""dawdle""]","dawdle","ant","hustle"
"Choose the antonym for 'delegate'.","[""criticism"",""impart"",""raucous"",""retain""]","retain","ant","delegate"
"Choose the antonym for 'procrastinate'.","[""deliberate"",""radiant"",""cordial"",""act promptly""]","act promptly","ant","procrastinate"
"Choose the antonym for 'fringe' (of an area).","[""austerity"",""glum"",""relevant"",""centre""]","centre","ant","fringe"
"Choose the antonym for 'asinine'.","[""strenuous"",""superfluous"",""dawdle"",""wise""]","wise","ant","asinine"
"Choose the antonym for 'serpentine' (a road).","[""chortle"",""substantial"",""scanty"",""straight""]","straight","ant","serpentine"
"Choose the antonym for 'accompany' (To go somewhere with someone.).","[""kneel"",""float"",""hatch"",""leave behind""]","leave behind","ant","accompany"
"Choose the antonym for 'achieve' (To succeed in doing something you worked towards.).","[""kneel"",""float"",""hatch"",""fail at""]","fail at","ant","achieve"
"Choose the antonym for 'aggressive' (Ready to attack or argue in a forceful way.).","[""peaceful"",""striped"",""wooden"",""triangular""]","peaceful","ant","aggressive"
"Choose the antonym for 'amateur' (Someone who does an activity for enjoyment rather than as a paid job.).","[""ladder"",""professional"",""puddle"",""whistle""]","professional","ant","amateur"
"Choose the antonym for 'attached' (Joined or fastened to something.).","[""detached"",""striped"",""wooden"",""triangular""]","detached","ant","attached"
"Choose the antonym for 'available' (Ready for someone to use or obtain.).","[""striped"",""wooden"",""triangular"",""unavailable""]","unavailable","ant","available"
"Choose the antonym for 'awkward' (Difficult to move, use or deal with.).","[""striped"",""wooden"",""triangular"",""manageable""]","manageable","ant","awkward"
"Choose the antonym for 'bias' (An unfair preference for or against someone or something.).","[""ladder"",""impartiality"",""puddle"",""whistle""]","impartiality","ant","bias"
"Choose the antonym for 'conscious' (Awake and aware of what is happening.).","[""striped"",""wooden"",""unconscious"",""triangular""]","unconscious","ant","conscious"
"Choose the antonym for 'contrast' (A noticeable difference between things.).","[""ladder"",""puddle"",""similarity"",""whistle""]","similarity","ant","contrast"
"Choose the antonym for 'convenience' (The quality of being easy or useful for someone's needs.).","[""ladder"",""puddle"",""whistle"",""inconvenience""]","inconvenience","ant","convenience"
"Choose the antonym for 'correspond' (To match or agree with something.).","[""kneel"",""differ"",""float"",""hatch""]","differ","ant","correspond"
"Choose the antonym for 'criticise' (To point out faults in someone or something.).","[""kneel"",""float"",""hatch"",""praise""]","praise","ant","criticise"
"Choose the antonym for 'curiosity' (A strong wish to find out about something.).","[""ladder"",""indifference"",""puddle"",""whistle""]","indifference","ant","curiosity"
"Choose the antonym for 'definite' (Clear and certain.).","[""uncertain"",""striped"",""wooden"",""triangular""]","uncertain","ant","definite"
"Choose the antonym for 'determined' (Firmly decided to do something, even when it is difficult.).","[""striped"",""wooden"",""triangular"",""hesitant""]","hesitant","ant","determined"
"Choose the antonym for 'excellent' (Extremely good.).","[""striped"",""wooden"",""poor"",""triangular""]","poor","ant","excellent"
"Choose the antonym for 'familiar' (Known or recognised because you have met or seen it before.).","[""striped"",""wooden"",""triangular"",""unfamiliar""]","unfamiliar","ant","familiar"
"Choose the antonym for 'figurative' (Using words imaginatively rather than with their exact ordinary meaning.).","[""striped"",""wooden"",""literal"",""triangular""]","literal","ant","figurative"
"Choose the antonym for 'foreign' (From or connected with another country.).","[""domestic"",""striped"",""wooden"",""triangular""]","domestic","ant","foreign"
"Choose the antonym for 'frequently' (Often; many times.).","[""upstairs"",""rarely"",""yesterday"",""sideways""]","rarely","ant","frequently"
"Choose the antonym for 'harass' (To keep bothering or upsetting someone.).","[""leave alone"",""kneel"",""float"",""hatch""]","leave alone","ant","harass"
"Choose the antonym for 'immediate' (Happening now, without delay.).","[""striped"",""delayed"",""wooden"",""triangular""]","delayed","ant","immediate"
"Choose the antonym for 'immediately' (At once, without waiting.).","[""upstairs"",""yesterday"",""later"",""sideways""]","later","ant","immediately"
"Choose the antonym for 'literal' (Using the ordinary, exact meaning of words.).","[""striped"",""wooden"",""triangular"",""figurative""]","figurative","ant","literal"
"Choose the antonym for 'marvellous' (Extremely good or pleasing.).","[""striped"",""wooden"",""awful"",""triangular""]","awful","ant","marvellous"
"Choose the antonym for 'mischievous' (Enjoying playful tricks that may cause a little trouble.).","[""striped"",""well-behaved"",""wooden"",""triangular""]","well-behaved","ant","mischievous"
"Choose the antonym for 'necessary' (Needed for a particular purpose.).","[""striped"",""wooden"",""triangular"",""unnecessary""]","unnecessary","ant","necessary"
"Choose the antonym for 'occupy' (To take up a place or space.).","[""kneel"",""vacate"",""float"",""hatch""]","vacate","ant","occupy"
"Choose the antonym for 'physical' (Relating to the body rather than the mind.).","[""striped"",""mental"",""wooden"",""triangular""]","mental","ant","physical"
"Choose the antonym for 'sacrifice' (To give up something valued for a more important reason.).","[""kneel"",""keep"",""float"",""hatch""]","keep","ant","sacrifice"
"Choose the antonym for 'sincere' (Meaning what you say or feel; not pretending.).","[""striped"",""wooden"",""triangular"",""insincere""]","insincere","ant","sincere"
"Choose the antonym for 'sincerely' (In a way that shows you really mean what you say or feel.).","[""insincerely"",""upstairs"",""yesterday"",""sideways""]","insincerely","ant","sincerely"
"Choose the antonym for 'sufficient' (Enough for a particular need.).","[""insufficient"",""striped"",""wooden"",""triangular""]","insufficient","ant","sufficient"
"Choose the antonym for 'variety' (A range of different things or types.).","[""uniformity"",""ladder"",""puddle"",""whistle""]","uniformity","ant","variety"
